player,team,position,age,PPR_raw,PPR,pos_rank,overall_rank,games_played,games_started,pass_completion,pass_attempt,pass_yards,pass_td,interception,rush_attempt,rush_yards,rush_yards_per_attempt,rush_td,rec_target,rec,rec_yards,yards_per_reception,rec_td,fumble,fumble_lost,total_td,tpc,tpp
Saquon Barkley*+,PHI,RB,27,355.3,355.30,1,1,16,16,0,0,0,0,0,345,2005,5.81,13,43,33,278,8.42,2,2,1,15,3,
Derrick Henry*,BAL,RB,30,336.4,316.61,2,2,17,17,0,0,0,0,0,325,1921,5.91,16,22,19,193,10.16,2,3,1,18,,
Jahmyr Gibbs*,DET,RB,22,362.9,341.55,3,3,17,4,0,0,0,0,0,250,1412,5.65,16,63,52,517,9.94,4,1,1,20,,
Lamar Jackson*+,BAL,QB,27,430.4,405.08,1,4,17,17,316,474,4172,41,4,139,915,6.58,4,0,0,0,,0,10,5,4,1,
Ja'Marr Chase*+,CIN,WR,24,403,379.29,1,5,17,16,0,0,0,0,0,3,32,10.67,0,175,127,1708,13.45,17,0,0,17,,
Bijan Robinson*,ATL,RB,22,341.7,321.60,4,6,17,17,0,0,0,0,0,304,1456,4.79,14,72,61,431,7.07,1,1,0,15,1,
Josh Jacobs*,GNB,RB,26,293.1,275.86,5,7,17,17,0,0,0,0,0,301,1329,4.42,15,43,36,342,9.5,1,4,3,16,,
Josh Allen*,BUF,QB,28,379,356.71,2,8,17,17,307,483,3731,28,6,102,531,5.21,12,0,0,7,,1,5,2,13,,1
Joe Burrow*,CIN,QB,28,372.8,350.87,3,9,17,17,460,652,4918,43,9,42,201,4.79,2,0,0,0,,0,11,5,2,,
Kyren Williams,LAR,RB,24,272.1,272.10,6,10,16,16,0,0,0,0,0,316,1299,4.11,14,40,34,182,5.35,2,5,3,16,,
James Cook*,BUF,RB,25,266.7,266.70,7,11,16,16,0,0,0,0,0,207,1009,4.87,16,38,32,258,8.06,2,1,0,18,,
Justin Jefferson*+,MIN,WR,25,317.5,298.82,2,12,17,17,1,1,22,0,0,1,3,3,0,154,103,1533,14.88,10,1,0,10,,
Baker Mayfield*,TAM,QB,29,365.8,344.28,4,13,17,17,407,570,4500,41,16,60,378,6.3,3,0,0,0,,0,13,2,3,,1
Jonathan Taylor*,IND,RB,25,244.7,244.70,8,14,14,13,0,0,0,0,0,303,1431,4.72,11,31,18,136,7.56,1,4,1,12,,
George Kittle*,SFO,TE,31,236.6,236.60,1,15,15,15,0,0,0,0,0,0,0,,0,94,78,1106,14.18,8,0,0,8,,
Jayden Daniels*,WAS,QB,24,355.8,334.87,5,16,17,17,331,480,3568,25,9,148,891,6.02,6,0,0,0,,0,5,0,6,1,2
De'Von Achane,MIA,RB,23,299.9,282.26,9,17,17,16,0,0,0,0,0,203,907,4.47,6,87,78,592,7.59,6,1,0,12,,
Amon-Ra St. Brown*+,DET,WR,25,316.2,297.60,3,18,17,17,1,1,7,1,0,2,6,3,0,141,115,1263,10.98,12,1,1,12,,
Brian Thomas*,JAX,WR,22,284,267.29,4,19,17,16,0,0,0,0,0,6,48,8,0,133,87,1282,14.74,10,0,0,10,2,
Brock Bowers*+,LVR,TE,22,262.7,247.25,2,20,17,16,0,0,0,0,0,5,13,2.6,0,153,112,1194,10.66,5,0,0,5,,
James Conner,ARI,RB,29,253.8,253.80,10,21,16,16,0,0,0,0,0,236,1094,4.64,8,55,47,414,8.81,1,4,1,9,2,
Joe Mixon*,HOU,RB,28,240.5,240.50,11,22,14,14,0,1,0,0,0,245,1016,4.15,11,52,36,309,8.58,1,0,0,12,,
Terry McLaurin*,WAS,WR,29,267.8,252.05,5,23,17,17,0,0,0,0,0,2,2,1,0,117,82,1096,13.37,13,1,1,13,,
Trey McBride*,ARI,TE,25,249.8,249.80,3,24,16,16,0,0,0,0,0,1,2,2,1,147,111,1146,10.32,2,0,0,4,,
Chase Brown,CIN,RB,24,255,255.00,12,25,16,10,0,0,0,0,0,229,990,4.32,7,65,54,360,6.67,4,2,1,11,1,
Drake London,ATL,WR,23,280.8,264.28,6,26,17,17,0,0,0,0,0,1,-3,-3,0,158,100,1271,12.71,9,0,0,9,,
Chuba Hubbard,CAR,RB,25,241.6,241.60,13,27,15,15,0,0,0,0,0,250,1195,4.78,10,54,43,171,3.98,1,4,3,11,1,
Jonnu Smith*,MIA,TE,29,222.3,209.22,4,28,17,6,0,0,0,0,0,2,-1,-0.5,0,111,88,884,10.05,8,2,1,8,,
Mark Andrews,BAL,TE,29,188.8,177.69,5,29,17,13,0,0,0,0,0,4,5,1.25,0,69,55,673,12.24,11,0,0,11,,
Bucky Irving,TAM,RB,22,244.4,230.02,14,30,17,3,0,0,0,0,0,207,1122,5.42,8,52,47,392,8.34,0,2,1,8,,
Alvin Kamara,NOR,RB,29,265.3,265.30,15,31,14,14,0,0,0,0,0,228,950,4.17,6,89,68,543,7.99,2,1,0,8,,
Aaron Jones,MIN,RB,30,241.6,227.39,16,32,17,17,0,0,0,0,0,255,1138,4.46,5,62,51,408,8,2,5,3,7,,
Jared Goff*,DET,QB,30,324.5,305.41,6,33,17,17,390,539,4629,37,12,35,56,1.6,0,1,1,7,7,1,6,0,1,,1
David Montgomery,DET,RB,27,221.7,221.70,17,34,14,14,1,1,3,1,0,185,775,4.19,12,38,36,341,9.47,0,2,1,12,,
Mike Evans*,TAM,WR,31,240.4,240.40,7,35,14,14,0,0,0,0,0,0,0,,0,110,74,1004,13.57,11,0,0,11,,
Breece Hall,NYJ,RB,23,240.9,240.90,18,36,16,16,0,0,0,0,0,209,876,4.19,5,76,57,483,8.47,3,6,2,8,2,
Malik Nabers*,NYG,WR,21,273.6,273.60,8,37,15,13,0,1,0,0,0,5,2,0.4,0,170,109,1204,11.05,7,1,0,7,1,
Bo Nix,DEN,QB,24,317.2,298.54,7,38,17,17,376,567,3775,29,12,92,430,4.67,4,1,1,2,2,1,3,0,5,,
Jalen Hurts,PHI,QB,26,315.1,315.10,8,39,15,15,248,361,2903,18,5,150,630,4.2,14,0,0,0,,0,9,5,14,,
CeeDee Lamb*,DAL,WR,25,263.4,263.40,9,40,15,15,0,0,0,0,0,14,70,5,0,152,101,1194,11.82,6,1,1,6,1,
Sam LaPorta,DET,TE,23,174.6,174.60,6,41,16,16,0,0,0,0,0,0,0,,0,83,60,726,12.1,7,0,0,7,,
Courtland Sutton,DEN,WR,29,240.3,226.16,10,42,17,13,2,2,30,1,0,0,0,,0,135,81,1081,13.35,8,1,1,8,,
Ladd McConkey,LAC,WR,23,240.9,240.90,11,43,16,14,0,0,0,0,0,0,0,,0,112,82,1149,14.01,7,2,0,7,1,
Tucker Kraft,GNB,TE,24,163.3,153.69,7,44,17,17,0,0,0,0,0,3,6,2,0,70,50,707,14.14,7,1,1,7,1,
Zach Ertz,WAS,TE,34,177.4,166.96,8,45,17,17,0,0,0,0,0,0,0,,0,91,66,654,9.91,7,1,0,7,2,
Davante Adams,2TM,WR,32,241.3,241.30,12,46,14,14,0,0,0,0,0,0,0,,0,141,85,1063,12.51,8,0,0,8,1,
Sam Darnold*,MIN,QB,27,308,289.88,9,47,17,17,361,545,4319,35,12,67,212,3.16,1,0,0,0,,0,8,4,1,,
Jameson Williams,DET,WR,23,212.2,212.20,13,48,15,11,0,0,0,0,0,11,61,5.55,1,91,58,1001,17.26,7,0,0,8,,
D'Andre Swift,CHI,RB,25,214.5,201.88,19,49,17,17,0,0,0,0,0,253,959,3.79,6,52,42,386,9.19,0,2,0,6,1,
Jaxon Smith-Njigba*,SEA,WR,22,253,238.12,14,50,17,16,1,1,35,0,0,5,26,5.2,0,137,100,1130,11.3,6,1,0,6,,
Jerry Jeudy*,CLE,WR,25,240.9,226.73,15,51,17,16,0,0,0,0,0,0,0,,0,145,90,1229,13.66,4,0,0,4,2,
Garrett Wilson,NYJ,WR,24,251.9,237.08,16,52,17,17,0,0,0,0,0,2,5,2.5,0,154,101,1104,10.93,7,2,2,7,1,
Najee Harris,PIT,RB,26,204.6,192.56,20,53,17,17,0,0,0,0,0,263,1043,3.97,6,48,36,283,7.86,0,0,0,6,,
Jordan Addison,MIN,WR,22,212.5,212.50,18,54,15,15,0,0,0,0,0,3,20,6.67,1,99,63,875,13.89,9,0,0,10,,
A.J. Brown,PHI,WR,27,216.9,216.90,17,55,13,13,0,0,0,0,0,0,0,,0,97,67,1079,16.1,7,0,0,7,,
Tee Higgins,CIN,WR,25,222.1,222.10,19,56,12,9,0,0,0,0,0,0,0,,0,109,73,911,12.48,10,1,1,10,,
Pat Freiermuth,PIT,TE,26,168.3,158.40,9,57,17,11,0,0,0,0,0,0,0,,0,78,65,653,10.05,7,3,2,7,,
Kyler Murray,ARI,QB,27,297.2,279.72,10,58,17,17,372,541,3851,21,11,78,572,7.33,5,0,0,0,,0,8,4,5,1,
Travis Kelce*,KAN,TE,35,195.4,195.40,10,59,16,16,0,0,0,0,0,1,1,1,0,133,97,823,8.48,3,2,1,3,,
Nico Collins*,HOU,WR,25,210.6,210.60,20,60,12,12,0,0,0,0,0,0,0,,0,99,68,1006,14.79,7,0,0,7,,
Jayden Reed,GNB,WR,24,197,185.41,21,61,17,10,0,0,0,0,0,20,163,8.15,1,75,55,857,15.58,6,3,1,7,,
J.K. Dobbins,LAC,RB,26,191.8,191.80,21,62,13,11,0,0,0,0,0,195,905,4.64,9,38,32,153,4.78,0,0,0,9,,
Tony Pollard,TEN,RB,27,200.7,200.70,22,63,16,16,0,0,0,0,0,260,1079,4.15,5,57,41,238,5.8,0,2,2,5,1,
Rico Dowdle,DAL,RB,26,197.8,197.80,23,64,16,15,0,0,0,0,0,235,1079,4.59,2,49,39,249,6.38,3,3,2,5,,
D.J. Moore,CHI,WR,27,238.1,224.09,22,65,17,17,0,1,0,0,0,14,75,5.36,0,140,98,966,9.86,6,1,1,6,1,
Tyreek Hill,MIA,WR,30,218.2,205.36,23,66,17,17,0,0,0,0,0,8,53,6.63,0,123,81,959,11.84,6,0,0,6,,
Zay Flowers*,BAL,WR,24,209.5,197.18,24,67,17,15,0,0,0,0,0,9,56,6.22,0,116,74,1059,14.31,4,0,0,4,,
Marvin Harrison Jr.,ARI,WR,22,196.5,184.94,26,68,17,16,0,0,0,0,0,0,0,,0,116,62,885,14.27,8,1,1,8,,
Calvin Ridley,TEN,WR,30,199.2,187.48,25,69,17,14,0,0,0,0,0,8,55,6.88,1,120,64,1017,15.89,4,1,1,5,,
Jauan Jennings,SFO,WR,27,210.5,210.50,27,70,15,10,0,0,0,0,0,0,0,,0,113,77,975,12.66,6,1,0,6,,
Justin Herbert,LAC,QB,26,285.4,268.61,11,71,17,17,332,504,3870,23,3,69,306,4.43,2,0,0,0,,0,6,2,2,,3
DeVonta Smith,PHI,WR,26,199.4,199.40,28,72,13,13,0,0,0,0,0,1,1,1,0,89,68,833,12.25,8,0,0,8,,
Jakobi Meyers,LVR,WR,28,218,218.00,29,73,15,15,0,0,0,0,0,2,23,11.5,0,129,87,1027,11.8,4,0,0,4,1,
Patrick Mahomes,KAN,QB,29,283,283.00,12,74,16,16,392,581,3928,26,11,58,307,5.29,2,1,1,2,2,0,2,0,2,,
Brock Purdy,SFO,QB,25,266.9,266.90,13,75,15,15,300,455,3864,20,12,66,323,4.89,5,0,0,0,,0,7,3,5,,
Geno Smith,SEA,QB,34,266,250.35,14,76,17,17,407,578,4320,21,15,53,272,5.13,2,0,0,0,,0,9,0,2,,
Aaron Rodgers,NYJ,QB,41,256.6,241.51,15,77,17,17,368,584,3897,28,11,22,107,4.86,0,0,0,0,,0,5,2,0,,2
Caleb Williams,CHI,QB,23,254.5,239.53,16,78,17,17,351,562,3541,20,6,81,489,6.04,0,0,0,0,,0,10,5,0,,3
Jordan Love,GNB,QB,26,233.9,233.90,17,,15,15,268,425,3389,25,11,25,83,3.32,1,0,0,0,,0,4,0,1,,3
C.J. Stroud,HOU,QB,23,220.4,207.44,18,,17,17,336,532,3727,20,12,52,233,4.48,0,1,0,0,,0,6,4,0,,
Matthew Stafford,LAR,QB,36,214.6,214.60,19,,16,16,340,517,3762,20,8,30,41,1.37,0,0,0,0,,0,6,2,0,,
Bryce Young,CAR,QB,23,195,195.00,20,,14,12,234,384,2403,15,9,43,249,5.79,6,0,0,0,,0,5,2,6,,
Tua Tagovailoa,MIA,QB,26,181.6,181.60,21,,11,11,291,399,2867,19,7,17,49,2.88,0,0,0,0,,0,7,2,0,,2
Drake Maye*,NWE,QB,22,177.1,177.10,22,,13,12,225,338,2276,15,10,54,421,7.8,2,0,0,0,,0,9,6,2,,2
Kirk Cousins,ATL,QB,36,176.3,176.30,23,,14,14,303,453,3508,18,16,23,0,0,0,0,0,0,,0,13,2,0,,
Russell Wilson*,PIT,QB,36,172.8,172.80,24,,11,11,214,336,2482,16,5,43,155,3.6,2,0,0,0,,0,5,4,2,,
Anthony Richardson,IND,QB,22,163.4,163.40,25,,11,11,126,264,1814,8,12,86,499,5.8,6,1,1,-1,-1,0,9,3,6,1,
Derek Carr,NOR,QB,33,150.9,150.90,26,,10,10,189,279,2145,15,5,17,71,4.18,1,0,0,0,,0,3,0,1,,1
Rachaad White,TAM,RB,25,199.6,199.60,24,,16,15,0,0,0,0,0,144,613,4.26,3,57,51,393,7.71,6,3,3,9,,
Zach Charbonnet,SEA,RB,23,186.9,175.91,25,,17,6,0,0,0,0,0,135,569,4.21,8,52,42,340,8.1,1,0,0,9,,
Trevor Lawrence,JAX,QB,25,145.2,145.20,27,,10,10,172,284,2045,11,7,26,119,4.58,3,0,0,-5,,0,3,1,3,,3
Tyrone Tracy Jr.,NYG,RB,25,182.3,171.58,26,,17,12,0,0,0,0,0,192,839,4.37,5,53,38,284,7.47,1,5,2,6,,
Rhamondre Stevenson,NWE,RB,26,175.9,175.90,27,,15,14,0,0,0,0,0,207,801,3.87,7,41,33,168,5.09,1,7,3,8,2,
Brian Robinson Jr.,WAS,RB,25,159.8,159.80,28,,14,13,0,0,0,0,0,187,799,4.27,8,25,20,159,7.95,0,2,2,8,,
Daniel Jones,NYG,QB,27,135.3,135.30,28,,10,10,216,341,2070,8,7,67,265,3.96,2,0,0,0,,0,4,2,2,,
Kenneth Walker III,SEA,RB,24,181.2,181.20,29,,11,11,0,0,0,0,0,153,573,3.75,7,53,46,299,6.5,1,1,0,8,,
Kareem Hunt,KAN,RB,29,155.4,155.40,30,,13,8,0,0,0,0,0,200,728,3.64,7,32,23,176,7.65,0,0,0,7,,
Jameis Winston,CLE,QB,30,131.1,131.10,29,,12,7,181,296,2121,13,12,25,83,3.32,1,0,0,0,,0,5,2,1,,4
Rashod Bateman,BAL,WR,25,174.6,164.33,30,,17,14,0,0,0,0,0,0,0,,0,72,45,756,16.8,9,0,0,9,,
Darnell Mooney,ATL,WR,27,193.2,193.20,31,,16,16,0,1,0,0,0,0,0,,0,106,64,992,15.5,5,0,0,5,,
Puka Nacua,LAR,WR,23,206.6,206.60,33,,11,11,0,0,0,0,0,11,46,4.18,1,106,79,990,12.53,3,0,0,4,,
Xavier Worthy,KAN,WR,21,187.2,176.19,32,,17,13,0,0,0,0,0,20,104,5.2,3,98,59,638,10.81,6,0,0,9,,
D.K. Metcalf,SEA,WR,27,191.2,191.20,34,,15,12,0,0,0,0,0,0,0,,0,108,66,992,15.03,5,2,2,5,,
Alec Pierce,IND,WR,24,161.4,161.40,35,,16,13,0,0,0,0,0,0,0,,0,69,37,824,22.27,7,0,0,7,,
Tank Bigsby,JAX,RB,23,129,129.00,31,,16,1,0,0,0,0,0,168,766,4.56,7,12,7,54,7.71,0,4,1,7,,
Quentin Johnston,LAC,WR,23,174.7,174.70,36,,15,11,0,0,0,0,0,3,6,2,0,91,55,711,12.93,8,0,0,8,,
Will Levis,TEN,QB,25,119.9,119.90,30,,12,12,190,301,2091,13,12,45,183,4.07,0,0,0,0,,0,10,6,0,,1
Justin Fields,PIT,QB,25,119.1,119.10,31,,10,6,106,161,1106,5,1,62,289,4.66,5,0,0,0,,0,6,1,5,,
Dak Prescott,DAL,QB,31,116.5,116.50,32,,8,8,185,286,1978,11,8,13,54,4.15,1,0,0,0,,0,4,1,1,,
Keenan Allen,CHI,WR,32,184.4,184.40,37,,15,15,0,1,0,0,1,0,0,,0,121,70,744,10.63,7,1,0,7,,
Josh Downs,IND,WR,23,183.5,183.50,38,,14,8,0,0,0,0,0,1,12,12,0,107,72,803,11.15,5,0,0,5,,
Cooper Rush,DAL,QB,31,109.6,109.60,33,,12,8,187,308,1844,12,5,26,18,0.69,0,0,0,0,,0,9,3,0,,1
Cooper Kupp,LAR,WR,31,175,175.00,39,,12,11,0,0,0,0,0,2,10,5,0,100,67,710,10.6,6,1,0,6,,
Khalil Shakir,BUF,WR,24,182.5,182.50,40,,15,9,0,0,0,0,0,2,4,2,0,100,76,821,10.8,4,1,0,4,,
Javonte Williams,DEN,RB,24,157.9,148.61,32,,17,11,0,0,0,0,0,139,513,3.69,4,70,52,346,6.65,0,2,2,4,,
George Pickens,PIT,WR,23,164.4,164.40,41,,14,12,0,0,0,0,0,2,-6,-3,0,103,59,900,15.25,3,1,1,3,,
Jordan Mason,SFO,RB,25,115,115.00,33,,12,6,0,0,0,0,0,153,789,5.16,3,14,11,91,8.27,0,3,1,3,,
Nick Westbrook-Ikhine,TEN,WR,27,135.7,127.72,42,,17,9,0,0,0,0,0,0,0,,0,60,32,497,15.53,9,0,0,9,,
Deebo Samuel,SFO,WR,28,153.6,153.60,44,,15,15,0,0,0,0,0,42,136,3.24,1,81,51,670,13.14,3,2,1,4,,
Jalen Tolbert,DAL,WR,25,152,143.06,43,,17,15,0,0,0,0,0,0,0,,0,79,49,610,12.45,7,0,0,7,,
Alexander Mattison,LVR,RB,26,137.4,137.40,34,,14,7,0,0,0,0,0,132,420,3.18,4,48,36,294,8.17,1,1,1,5,1,
Ray Davis,BUF,RB,25,116.1,109.27,35,,17,0,0,0,0,0,0,113,442,3.91,3,19,17,189,11.12,3,0,0,6,,
Joe Flacco,IND,QB,39,99,99.00,34,,8,6,162,248,1761,12,7,9,26,2.89,0,0,0,0,,0,4,4,0,,
Jalen McMillan,TAM,WR,23,135.4,135.40,45,,13,12,0,0,0,0,0,4,43,10.75,0,58,37,461,12.46,8,0,0,8,,
Austin Ekeler,WAS,RB,29,132.3,132.30,36,,12,6,0,0,0,0,0,77,367,4.77,4,41,35,366,10.46,0,3,0,4,,
Jerome Ford,CLE,RB,25,134,134.00,37,,14,6,0,0,0,0,0,104,565,5.43,3,43,37,225,6.08,0,0,0,3,,
Michael Pittman Jr.,IND,WR,27,165.8,165.80,46,,16,14,0,0,0,0,0,0,0,,0,111,69,808,11.71,3,1,1,3,,
Mac Jones,JAX,QB,26,96.1,96.10,36,,10,7,171,262,1672,8,8,28,92,3.29,1,0,0,0,,0,2,2,1,,1
Gardner Minshew II,LVR,QB,28,96.3,96.30,35,,10,9,203,306,2013,9,10,19,58,3.05,0,0,0,0,,0,6,4,0,,1
Mason Rudolph,TEN,QB,29,95.8,95.80,37,,8,5,146,228,1530,9,9,25,106,4.24,1,0,0,0,,0,5,1,1,,1
Tyler Allgeier,ATL,RB,24,106.2,99.95,38,,17,0,0,0,0,0,0,137,644,4.7,3,13,13,88,6.77,0,0,0,3,1,
Aidan O'Connell,LVR,QB,26,93.5,93.50,38,,9,7,154,243,1612,8,4,21,30,1.43,1,0,0,0,,0,2,2,1,,
Demarcus Robinson,LAR,WR,30,123.5,116.24,47,,17,17,0,0,0,0,0,0,0,,0,64,31,505,16.29,7,0,0,7,,
Adam Thielen,CAR,WR,34,139.5,139.50,49,,10,10,0,0,0,0,0,0,0,,0,62,48,615,12.81,5,0,0,5,,
Jaylen Waddle,MIA,WR,26,149.6,149.60,48,,15,15,0,0,0,0,0,4,12,3,0,83,58,744,12.83,2,0,0,2,2,
Travis Etienne,JAX,RB,25,130.2,130.20,39,,15,15,0,0,0,0,0,150,558,3.72,2,52,39,254,6.51,0,1,1,2,,
DeAndre Hopkins,2TM,WR,32,147,147.00,50,,16,8,0,0,0,0,0,0,0,,0,80,56,610,10.89,5,1,0,5,,
Marvin Mims*+,DEN,WR,22,129.5,121.88,52,,17,2,0,0,0,0,0,13,42,3.23,0,52,39,503,12.9,6,1,0,6,,
Rome Odunze,CHI,WR,22,144.9,136.38,51,,17,12,0,0,0,0,0,3,15,5,0,101,54,734,13.59,3,2,1,3,,
Wan'Dale Robinson,NYG,WR,23,182.7,171.95,53,,17,7,0,0,0,0,0,3,18,6,0,140,93,699,7.52,3,0,0,3,,
Tank Dell,HOU,WR,25,140,140.00,54,,14,10,0,0,0,0,0,9,43,4.78,0,81,51,667,13.08,3,0,0,3,,
Allen Lazard,NYJ,WR,29,126,126.00,55,,12,10,0,1,0,0,0,0,0,,0,60,37,530,14.32,6,0,0,6,,
Chris Godwin,TAM,WR,28,137.8,137.80,56,,7,7,0,0,0,0,0,1,2,2,0,62,50,576,11.52,5,1,0,5,,
Romeo Doubs,GNB,WR,24,132.1,132.10,57,,13,12,0,0,0,0,0,0,0,,0,72,46,601,13.07,4,0,0,4,1,
Jaylen Warren,PIT,RB,26,124.1,124.10,40,,15,0,0,0,0,0,0,120,511,4.26,1,47,38,310,8.16,0,2,1,1,,
Ameer Abdullah,LVR,RB,31,125.2,125.20,41,,16,3,0,0,0,0,0,66,311,4.71,2,47,40,261,6.53,3,2,1,5,,
Justice Hill,BAL,RB,27,127.1,127.10,42,,15,0,0,0,0,0,0,47,228,4.85,1,51,42,383,9.12,3,0,0,4,,
David Njoku,CLE,TE,28,148.5,148.50,11,,11,11,0,0,0,0,0,0,0,,0,97,64,505,7.89,5,0,0,5,2,
Emanuel Wilson,GNB,RB,25,96,90.35,43,,17,0,0,0,0,0,0,103,502,4.87,4,14,11,48,4.36,1,0,0,5,,
Andrei Iosivas,CIN,WR,25,119.9,112.85,58,,17,8,0,0,0,0,0,0,0,,0,61,36,479,13.31,6,0,0,6,,
Kyle Pitts,ATL,TE,24,131.2,123.48,12,,17,15,0,0,0,0,0,0,0,,0,74,47,602,12.81,4,0,0,4,,
Tyjae Spears,TEN,RB,23,113.6,113.60,44,,12,1,0,0,0,0,0,84,312,3.71,4,35,30,224,7.47,1,1,0,5,,
Calvin Austin III,PIT,WR,25,118.8,111.81,59,,17,8,0,0,0,0,0,0,0,,0,58,36,548,15.22,4,1,1,5,,
Keon Coleman,BUF,WR,21,111.5,111.50,60,,13,12,0,0,0,0,0,1,9,9,0,57,29,556,19.17,4,0,0,4,1,
Demario Douglas,NWE,WR,24,147.7,139.01,62,,17,7,0,0,0,0,0,3,16,5.33,0,87,66,621,9.41,3,1,0,3,,
Isaiah Likely,BAL,TE,24,123.7,123.70,13,,16,9,0,0,0,0,0,0,0,,0,58,42,477,11.36,6,1,1,6,,
Cade Otton,TAM,TE,25,140.6,140.60,14,,14,14,0,0,0,0,0,1,-4,-4,0,87,59,600,10.17,4,2,1,4,,
Tre Tucker,LVR,WR,23,129.3,121.69,61,,17,14,0,0,0,0,0,9,44,4.89,1,81,47,539,11.47,3,0,0,4,,
Antonio Gibson,NWE,RB,26,103.4,97.32,45,,17,3,0,0,0,0,0,120,538,4.48,1,29,23,206,8.96,0,2,0,1,,
Drew Lock,NYG,QB,28,80.1,80.10,39,,8,5,107,181,1071,6,5,18,133,7.39,2,0,0,0,,0,5,2,2,,1
Cam Akers,2TM,RB,25,93.2,87.72,46,,17,2,0,0,0,0,0,104,444,4.27,2,18,14,68,4.86,3,1,1,5,,
Kayshon Boutte,NWE,WR,22,121.9,121.90,63,,15,13,0,0,0,0,0,0,0,,0,68,43,589,13.7,3,0,0,3,1,
Amari Cooper,2TM,WR,30,122.7,122.70,64,,14,10,0,0,0,0,0,0,0,,0,85,44,547,12.43,4,0,0,4,,
Isaac Guerendo,SFO,RB,24,94.2,94.20,47,,16,3,0,0,0,0,0,84,420,5,4,16,15,152,10.13,0,3,1,4,,
Hunter Henry,NWE,TE,30,145.4,145.40,15,,16,16,0,0,0,0,0,0,0,,0,97,66,674,10.21,2,0,0,2,,
Taysom Hill,NOR,TE,34,102.3,102.30,16,,8,8,2,4,21,0,1,39,278,7.13,6,31,23,187,8.13,0,1,1,6,,
Ray-Ray McCloud,ATL,WR,28,140.5,132.24,65,,17,13,0,0,0,0,0,10,79,7.9,0,87,62,686,11.06,1,4,2,1,,
Michael Wilson,ARI,WR,24,124.5,124.50,66,,16,13,0,0,0,0,0,1,7,7,0,71,47,548,11.66,4,1,1,4,,
Mike Gesicki,CIN,TE,29,141.5,133.18,17,,17,3,0,0,0,0,0,0,0,,0,83,65,665,10.23,2,1,1,2,,
Deshaun Watson,CLE,QB,29,76.7,76.70,40,,7,7,137,216,1148,5,3,31,148,4.77,1,0,0,0,,0,5,3,1,,1
Xavier Legette,CAR,WR,23,125.1,125.10,68,,16,13,0,0,0,0,0,6,24,4,0,84,49,497,10.14,4,0,0,4,,
Devin Singletary,NYG,RB,27,96.6,96.60,48,,15,5,0,0,0,0,0,113,437,3.87,4,24,21,119,5.67,0,2,2,4,,
Christian Watson,GNB,WR,25,105.3,105.30,67,,15,15,0,0,0,0,0,4,23,5.75,0,53,29,620,21.38,2,1,1,2,1,
Stefon Diggs,HOU,WR,31,121.9,121.90,70,,8,8,1,1,13,0,0,3,8,2.67,1,64,47,496,10.55,3,0,0,4,,
Jalen Nailor,MIN,WR,25,103,96.94,69,,17,7,0,0,0,0,0,3,-4,-1.33,0,42,28,414,14.79,6,1,1,6,,
Ty Johnson,BUF,RB,27,91.7,86.31,49,,17,1,0,0,0,0,0,41,213,5.2,1,25,18,284,15.78,3,0,0,4,,
Noah Gray,KAN,TE,25,113.3,106.64,19,,17,10,0,0,0,0,0,1,-4,-4,0,49,40,437,10.93,5,0,0,5,,
Juwan Johnson,NOR,TE,28,122.8,115.58,20,,17,5,0,0,0,0,0,0,0,,0,66,50,548,10.96,3,2,0,3,,
Cole Kmet,CHI,TE,25,120.4,113.32,18,,17,16,0,0,0,0,0,0,0,,0,55,47,474,10.09,4,0,0,4,1,
Jaleel McLaughlin,DEN,RB,24,97.2,97.20,50,,16,5,0,0,0,0,0,113,496,4.39,1,27,24,76,3.17,2,1,1,3,,
KaVontae Turpin*+,DAL,WR,28,104.2,98.07,71,,17,2,0,0,0,0,0,16,92,5.75,0,52,31,420,13.55,2,3,1,4,,
Tyler Lockett,SEA,WR,32,121,113.88,72,,17,14,0,0,0,0,0,0,0,,0,74,49,600,12.24,2,0,0,2,,
Dontayvion Wicks,GNB,WR,23,110.5,104.00,73,,17,5,0,0,0,0,0,0,0,,0,76,39,415,10.64,5,0,0,5,,
Tyler Conklin,NYJ,TE,29,121.9,121.90,22,,16,15,0,0,0,0,0,1,0,0,0,72,51,449,8.8,4,0,0,4,1,
Foster Moreau,NOR,TE,27,103.3,97.22,21,,17,17,0,0,0,0,0,0,0,,0,43,32,413,12.91,5,0,0,5,,
Darius Slayton,NYG,WR,27,110,110.00,74,,16,13,0,0,0,0,0,2,17,8.5,0,71,39,573,14.69,2,1,0,2,,
Mack Hollins,BUF,WR,31,98.8,92.99,76,,17,13,0,0,0,0,0,0,0,,0,50,31,378,12.19,5,0,0,5,,
Josh Palmer,LAC,WR,25,107.4,107.40,75,,15,7,0,0,0,0,0,0,0,,0,65,39,584,14.97,1,0,0,1,2,
Spencer Rattler,NOR,QB,24,67.3,67.30,41,,7,6,130,228,1317,4,5,18,146,8.11,0,0,0,0,,0,5,3,0,,
Olamide Zaccheaus,WAS,WR,27,112.4,105.79,77,,17,6,0,0,0,0,0,1,8,8,0,64,45,506,11.24,3,3,1,3,,
Braelon Allen,NYJ,RB,20,85.2,80.19,51,,17,2,0,0,0,0,0,92,334,3.63,2,27,19,148,7.79,1,0,0,3,,
Marquez Valdes-Scantling,2TM,WR,30,84.5,84.50,78,,14,8,0,0,0,0,0,1,4,4,0,44,19,411,21.63,4,0,0,4,,
Devaughn Vele,DEN,WR,27,106.5,106.50,79,,13,7,0,0,0,0,0,0,0,,0,55,41,475,11.59,3,0,0,3,,
Dalton Schultz,HOU,TE,28,118.2,111.25,23,,17,13,0,0,0,0,0,0,0,,0,85,53,532,10.04,2,0,0,2,,
Parker Washington,JAX,WR,22,97,91.29,80,,17,7,0,0,0,0,0,0,0,,0,51,32,390,12.19,3,2,0,4,1,
Austin Hooper,NWE,TE,30,108.6,102.21,24,,17,8,0,0,0,0,0,0,0,,0,59,45,476,10.58,3,2,1,3,,
Ricky Pearsall,SFO,WR,24,93.5,93.50,81,,11,4,0,1,0,0,0,3,45,15,0,46,31,400,12.9,3,0,0,3,,
Dallas Goedert,PHI,TE,29,103.6,103.60,25,,10,10,0,0,0,0,0,0,0,,0,52,42,496,11.81,2,2,0,2,,
Chigoziem Okonkwo,TEN,TE,25,113.6,106.92,26,,17,11,0,0,0,0,0,1,17,17,0,70,52,479,9.21,2,2,1,2,1,
Jalen Coker,CAR,WR,23,92.6,92.60,82,,11,4,1,1,19,0,0,0,0,,0,46,32,478,14.94,2,0,0,2,,
Gus Edwards,LAC,RB,29,64.1,64.10,53,,11,6,0,0,0,0,0,101,365,3.61,4,5,3,6,2,0,0,0,4,,
Tyler Huntley,MIA,QB,26,60.7,60.70,42,,5,5,86,133,829,3,3,26,135,5.19,2,0,0,0,,0,6,2,2,,
Roschon Johnson,CHI,RB,23,77.4,77.40,52,,14,0,0,0,0,0,0,55,150,2.73,6,20,16,104,6.5,0,0,0,6,,
Will Dissly,LAC,TE,28,110.1,110.10,27,,15,8,0,0,0,0,0,0,0,,0,64,50,481,9.62,2,0,0,2,,
Elijah Moore,CLE,WR,24,120.9,113.79,83,,17,13,0,0,0,0,0,1,1,1,0,102,61,538,8.82,1,0,0,1,,
Rashid Shaheed,NOR,WR,26,79.8,79.80,84,,6,5,0,0,0,0,0,6,29,4.83,0,41,20,349,17.45,3,1,1,4,,
Sean Tucker,TAM,RB,23,68.7,64.66,54,,17,0,0,0,0,0,0,50,308,6.16,2,12,9,109,12.11,1,1,0,3,,
Andy Dalton,CAR,QB,37,59,59.00,43,,6,5,106,160,989,7,6,11,34,3.09,0,0,0,0,,0,2,0,0,,
Zack Moss,CIN,RB,27,81.9,81.90,55,,8,6,0,0,0,0,0,74,242,3.27,2,27,23,187,8.13,1,2,1,3,,
Tim Patrick,DET,WR,31,92.4,92.40,85,,16,9,0,0,0,0,0,0,0,,0,44,33,394,11.94,3,0,0,3,1,
Nick Chubb,CLE,RB,29,63.3,63.30,56,,8,8,0,0,0,0,0,102,332,3.25,3,11,5,31,6.2,1,1,1,4,,
Tutu Atwell,LAR,WR,25,98.9,93.08,86,,17,5,0,1,0,0,0,2,7,3.5,0,62,42,562,13.38,0,0,0,0,,
Dalton Kincaid,BUF,TE,25,100.8,100.80,28,,13,9,0,0,0,0,0,0,0,,0,75,44,448,10.18,2,1,0,2,,
Noah Fant,SEA,TE,27,104,104.00,29,,14,9,0,0,0,0,0,0,0,,0,64,48,500,10.42,1,0,0,1,,
Diontae Johnson,3TM,WR,28,89.1,89.10,87,,12,8,0,0,0,0,0,2,6,3,0,67,33,375,11.36,3,0,0,3,,
Jeremy McNichols,WAS,RB,29,63.8,60.05,57,,17,1,0,0,0,0,0,55,261,4.75,4,12,9,27,3,0,0,0,4,1,
Greg Dortch,ARI,WR,26,90.3,84.99,88,,17,4,0,0,0,0,0,5,31,6.2,0,50,37,342,9.24,3,3,1,3,,
David Moore,CAR,WR,29,85.1,80.09,89,,17,5,0,0,0,0,0,1,0,0,0,57,32,351,10.97,3,0,0,3,,
Samaje Perine,KAN,RB,29,81.4,76.61,58,,17,0,0,0,0,0,0,20,92,4.6,1,35,28,322,11.5,1,0,0,2,,
Miles Sanders,CAR,RB,27,77.3,77.30,59,,11,2,0,0,0,0,0,55,205,3.73,2,30,24,148,6.17,1,1,0,3,,
Raheem Mostert,MIA,RB,32,70.9,70.90,60,,13,1,0,0,0,0,0,85,278,3.27,2,23,19,161,8.47,0,2,2,2,,
Malik Willis,GNB,QB,25,51.8,51.80,44,,7,2,40,54,550,3,0,20,138,6.9,1,0,0,0,,0,1,1,1,,
Jordan Akins,CLE,TE,32,91,85.65,31,,17,6,0,0,0,0,0,0,0,,0,58,40,390,9.75,2,1,0,2,,
Noah Brown,WAS,WR,28,86.3,86.30,91,,11,9,0,0,0,0,0,0,0,,0,56,35,453,12.94,1,0,0,1,,
Brenton Strange,JAX,TE,24,91.1,85.74,30,,17,10,0,0,0,0,0,0,0,,0,53,40,411,10.28,2,1,1,2,,
Cedric Tillman,CLE,WR,24,80.4,80.40,90,,11,6,0,0,0,0,0,1,-5,-5,0,49,29,339,11.69,3,1,1,3,1,
AJ Barner,SEA,TE,22,78.5,73.88,32,,17,6,0,0,0,0,0,0,0,,0,38,30,245,8.17,4,0,0,4,,
Sterling Shepard,TAM,WR,31,80.3,80.30,92,,14,5,0,0,0,0,0,8,69,8.63,0,51,32,334,10.44,1,0,0,1,1,
Kenneth Gainwell,PHI,RB,25,62.6,58.92,61,,17,1,0,0,0,0,0,75,290,3.87,1,22,16,116,7.25,0,0,0,1,,
Ezekiel Elliott,DAL,RB,29,57.5,57.50,62,,15,2,0,0,0,0,0,74,226,3.05,3,15,12,69,5.75,0,1,1,3,,
T.J. Hockenson,MIN,TE,27,86.5,86.50,33,,10,9,0,0,0,0,0,0,0,,0,62,41,455,11.1,0,0,0,0,,
Marcus Mariota,WAS,QB,31,45.8,45.80,45,,3,0,34,44,364,4,0,18,92,5.11,1,0,0,0,,0,0,0,1,,
Jacoby Brissett,NWE,QB,32,45.2,45.20,46,,8,5,95,161,826,2,1,15,62,4.13,0,0,0,0,,0,4,1,0,,1
Jake Ferguson,DAL,TE,25,104.4,104.40,34,,14,14,0,0,0,0,0,0,0,,0,86,59,494,8.37,0,4,2,0,,
Chris Olave,NOR,WR,24,76.7,76.70,93,,8,8,0,0,0,0,0,1,7,7,0,44,32,400,12.5,1,1,1,1,,
Isiah Pacheco,KAN,RB,25,56.9,56.90,63,,7,6,0,0,0,0,0,83,310,3.73,1,16,12,79,6.58,0,0,0,1,,
Brandin Cooks,DAL,WR,31,69.6,69.60,95,,10,9,0,0,0,0,0,3,-3,-1,0,54,26,259,9.96,3,0,0,3,,
Audric Estime,DEN,RB,21,48.7,48.70,64,,13,1,0,0,0,0,0,76,310,4.08,2,5,5,27,5.4,0,2,1,2,,
Christian Kirk,JAX,WR,28,70.9,70.90,94,,8,7,0,0,0,0,0,0,0,,0,47,27,379,14.04,1,0,0,1,,
Josh Oliver,MIN,TE,27,65.8,65.80,35,,15,12,0,0,0,0,0,0,0,,0,28,22,258,11.73,3,0,0,3,,
Michael Penix,ATL,QB,24,44.1,44.10,47,,5,3,61,105,775,3,3,7,11,1.57,1,0,0,0,,0,2,0,1,,
Evan Engram,JAX,TE,30,89.5,89.50,36,,9,9,0,0,0,0,0,0,0,,0,64,47,365,7.77,1,1,1,1,1,
Dameon Pierce,HOU,RB,24,43.5,43.50,65,,11,0,0,0,0,0,0,40,293,7.33,2,4,2,2,1,0,1,0,2,,
Trey Benson,ARI,RB,21,47,47.00,66,,13,1,0,0,0,0,0,63,291,4.62,1,6,6,59,9.83,0,1,0,1,,
Rashee Rice,KAN,WR,24,64.9,64.90,96,,4,4,0,0,0,0,0,1,1,1,0,29,24,288,12,2,0,0,2,,
Justin Watson,KAN,WR,28,62.9,59.20,97,,17,7,0,0,0,0,0,0,0,,0,32,22,289,13.14,2,0,0,2,,
Van Jefferson,PIT,WR,28,63.6,59.86,98,,17,12,0,0,0,0,0,0,0,,0,40,24,276,11.5,2,0,0,2,,
Kalif Raymond,DET,WR,30,56.5,56.50,99,,12,2,0,0,0,0,0,2,0,0,0,22,17,215,12.65,2,0,0,3,,
Ja'Tavion Sanders,CAR,TE,21,73.2,73.20,37,,16,8,0,0,0,0,0,0,0,,0,43,33,342,10.36,1,1,0,1,,
Tyler Boyd,TEN,WR,30,78.3,78.30,100,,16,8,0,1,0,0,0,1,3,3,0,57,39,390,10,0,0,0,0,,
Emari Demercado,ARI,RB,25,54.7,54.70,67,,13,0,0,0,0,0,0,24,223,9.29,1,20,16,104,6.5,0,0,0,1,,
Troy Franklin,DEN,WR,21,67.1,67.10,101,,16,6,0,0,0,0,0,2,8,4,0,53,28,263,9.39,2,0,0,2,,
Theo Johnson,NYG,TE,23,68.1,68.10,38,,12,11,0,0,0,0,0,0,0,,0,43,29,331,11.41,1,0,0,1,,
Kyle Juszczyk*,SFO,FB,33,57.6,54.21,68,,17,15,0,0,0,0,0,5,26,5.2,1,31,19,200,10.53,2,1,1,3,,
Trey Sermon,IND,RB,25,53.8,50.64,69,,17,3,0,0,0,0,0,56,159,2.84,2,19,16,99,6.19,0,0,0,2,,
Brandon Aiyuk,SFO,WR,26,62.4,62.40,102,,7,7,0,0,0,0,0,0,0,,0,47,25,374,14.96,0,0,0,0,,
Kendrick Bourne,NWE,WR,29,65.1,65.10,104,,12,9,0,1,0,0,0,1,6,6,0,38,28,305,10.89,1,0,0,1,,
Dyami Brown,WAS,WR,25,67.4,67.40,103,,16,3,0,1,0,0,0,3,26,8.67,0,40,30,308,10.27,1,1,1,1,,
Isaiah Davis,NYJ,RB,22,45.9,43.20,71,,17,0,0,0,0,0,0,30,174,5.8,1,12,9,75,8.33,1,0,0,2,,
Dawson Knox,BUF,TE,28,59.1,59.10,39,,16,13,0,0,0,0,0,0,0,,0,33,22,311,14.14,1,0,0,1,,
Dare Ogunbowale,HOU,RB,30,56,52.71,70,,17,1,0,0,0,0,0,30,112,3.73,0,28,19,198,10.42,1,0,0,1,,
Grant Calcaterra,PHI,TE,26,59.8,56.28,40,,17,13,0,0,0,0,0,0,0,,0,30,24,298,12.42,1,0,0,1,,
Mike Williams,2TM,WR,30,56.8,56.80,105,,18,5,0,0,0,0,0,0,0,,0,34,21,298,14.19,1,0,0,1,,
Nelson Agholor,BAL,WR,31,49.1,49.10,106,,14,7,0,0,0,0,0,0,0,,0,29,14,231,16.5,2,0,0,2,,
Tyler Johnson,LAR,WR,26,61.1,61.10,107,,15,2,0,0,0,0,0,0,0,,0,41,26,291,11.19,1,0,0,1,,
Colby Parkinson,LAR,TE,25,65.4,61.55,41,,17,9,0,0,0,0,0,0,0,,0,49,30,294,9.8,1,0,0,1,,
JuJu Smith-Schuster,KAN,WR,28,53.1,53.10,108,,14,8,0,0,0,0,0,0,0,,0,26,18,231,12.83,2,0,0,2,,
Gabriel Davis,JAX,WR,25,53.9,53.90,109,,10,9,0,0,0,0,0,0,0,,0,42,20,239,11.95,2,1,1,2,,
Tyler Goodson,IND,RB,24,44.4,44.40,72,,16,0,0,0,0,0,0,32,153,4.78,1,15,11,61,5.55,1,0,0,2,,
Lil'Jordan Humphrey,DEN,WR,26,64.3,60.52,110,,17,7,0,0,0,0,0,0,0,,0,45,31,293,9.45,1,2,1,1,,
Christian McCaffrey,SFO,RB,28,47.8,47.80,73,,4,4,0,0,0,0,0,50,202,4.04,0,19,15,146,9.73,0,1,1,0,,
Curtis Samuel,BUF,WR,28,63.7,63.70,111,,14,2,0,0,0,0,0,5,14,2.8,0,46,31,253,8.16,1,0,0,1,,
Tommy Tremble,CAR,TE,24,56.4,56.40,42,,12,11,0,0,0,0,0,0,0,,0,32,23,234,10.17,2,1,1,2,,
Josh Whyle,TEN,TE,25,60.8,57.22,43,,17,4,0,0,0,0,0,0,0,,0,37,28,248,8.86,1,0,0,1,1,
Nick Vannett,TEN,TE,31,48.5,45.65,44,,17,10,0,0,0,0,0,0,0,,0,20,17,135,7.94,3,0,0,3,,
Chris Brooks,GNB,RB,24,42.2,42.20,74,,15,0,0,0,0,0,0,36,183,5.08,1,13,11,69,6.27,0,0,0,1,,
Joshua Dobbs,SFO,QB,29,30.8,30.80,48,,2,1,32,47,361,2,2,9,24,2.67,2,0,0,0,,0,2,1,2,,
John Metchie,HOU,WR,24,55.4,55.40,112,,13,3,0,0,0,0,0,0,0,,0,37,24,254,10.58,1,1,0,1,,
Adonai Mitchell,IND,WR,22,53.8,50.64,114,,17,7,1,1,24,0,0,4,6,1.5,0,55,23,312,13.57,0,2,1,0,,
Chris Rodriguez,WAS,RB,24,31.5,31.50,75,,9,0,0,0,0,0,0,35,173,4.94,2,1,1,12,12,0,0,0,2,,
Adam Trautman,DEN,TE,27,43.8,41.22,45,,17,14,0,0,0,0,0,0,0,,0,22,13,188,14.46,2,0,0,2,,
DJ Turner,LVR,WR,27,47.1,47.10,113,,12,6,0,0,0,0,0,5,33,6.6,1,29,16,158,9.88,1,1,0,2,,
Jordan Whittington,LAR,WR,24,52.5,52.50,115,,15,3,0,0,0,0,0,2,12,6,0,28,22,293,13.32,0,0,0,0,,
Nate Adkins,DEN,TE,25,43.5,40.94,47,,17,10,0,0,0,0,0,0,0,,0,15,14,115,8.21,3,0,0,3,,
Hassan Haskins,LAC,RB,25,32.8,30.87,76,,17,0,0,0,0,0,0,34,89,2.62,2,3,3,49,16.33,1,1,1,3,,
Luke Schoonmaker,DAL,TE,26,57.1,53.74,46,,17,6,0,0,0,0,0,0,0,,0,36,27,241,8.93,1,0,0,1,,
Cedrick Wilson Jr.,NOR,WR,29,49.9,49.90,116,,15,4,1,1,21,1,0,0,0,,0,27,20,211,10.55,1,1,1,1,,
Elijah Higgins,ARI,TE,24,49.2,46.31,48,,17,6,0,0,0,0,0,0,0,,0,24,20,172,8.6,2,0,0,2,,
Tanner McKee,PHI,QB,24,28.8,28.80,49,,2,1,30,45,323,4,0,5,-1,-0.2,0,0,0,0,,0,0,0,0,,
Malik Washington,MIA,WR,23,54.8,54.80,117,,14,3,0,0,0,0,0,5,25,5,1,36,26,223,8.58,0,1,1,1,,
Kimani Vidal,LAC,RB,23,32.7,32.70,78,,10,0,0,0,0,0,0,43,155,3.6,0,9,5,62,12.4,1,1,0,1,,
Jamaal Williams,NOR,RB,29,37.1,37.10,77,,14,1,0,0,0,0,0,48,164,3.42,1,11,9,57,6.33,0,0,0,1,,
Blake Corum,LAR,RB,24,33.5,31.53,81,,17,1,0,0,0,0,0,58,207,3.57,0,8,7,58,8.29,0,0,0,0,,
Derius Davis,LAC,WR,24,40.1,40.10,118,,15,2,0,0,0,0,0,12,39,3.25,0,17,13,112,8.62,2,3,0,2,,
D'Onta Foreman,CLE,RB,28,32.6,32.60,80,,11,3,0,0,0,0,0,71,232,3.27,0,8,6,54,9,0,2,1,0,,
Patrick Taylor,SFO,RB,26,29.8,29.80,79,,13,1,0,0,0,0,0,39,183,4.69,1,11,3,25,8.33,0,0,0,1,,
Johnny Mundt,MIN,TE,30,45.2,42.54,49,,17,3,0,0,0,0,0,0,0,,0,27,19,142,7.47,2,0,0,2,,
Cordarrelle Patterson,PIT,RB,33,37.5,37.50,82,,13,1,0,0,0,0,0,32,135,4.22,0,14,12,80,6.67,1,1,1,1,,
Darnell Washington,PIT,TE,23,45,42.35,50,,17,9,0,0,0,0,0,0,0,,0,25,19,200,10.53,1,0,0,1,,
Michael Carter,ARI,RB,25,35.8,35.80,83,,3,1,0,0,0,0,0,35,131,3.74,1,11,11,57,5.18,0,0,0,1,,
KhaDarel Hodge*,ATL,WR,29,32.1,30.21,121,,17,2,0,0,0,0,0,0,0,,0,12,7,131,18.71,1,0,0,2,,
Ryan Miller,TAM,WR,24,36.8,36.80,122,,11,3,0,0,0,0,0,0,0,,0,20,12,128,10.67,2,0,0,2,,
Kenny Pickett,PHI,QB,26,25.1,25.10,50,,5,1,25,42,291,2,1,9,15,1.67,1,0,0,0,,0,1,0,1,,
Josh Reynolds,2TM,WR,29,38.4,38.40,119,,9,2,0,0,0,0,0,0,0,,0,24,13,194,14.92,1,0,0,1,,
Tylan Wallace,BAL,WR,25,36.3,34.16,120,,17,0,0,0,0,0,0,0,0,,0,12,11,193,17.55,1,1,0,1,,
Jalen Brooks,DAL,WR,24,35.7,35.70,123,,14,1,0,0,0,0,0,0,0,,0,30,12,177,14.75,1,0,0,1,,
Payne Durham,TAM,TE,24,34.5,34.50,51,,16,6,0,0,0,0,0,0,0,,0,14,11,115,10.45,2,1,0,2,,
D'Ernest Johnson,JAX,RB,28,35.9,35.90,85,,14,1,0,0,0,0,0,32,143,4.47,0,19,12,96,8,0,0,0,0,,
Kendre Miller,NOR,RB,22,29.1,29.10,84,,6,2,0,0,0,0,0,39,148,3.79,1,8,5,33,6.6,0,0,0,1,,
Jaylen Wright,MIA,RB,21,26.7,26.70,86,,15,1,0,0,0,0,0,68,249,3.66,0,6,3,8,2.67,0,1,1,0,,
Jahan Dotson,PHI,WR,24,41.9,39.44,125,,17,6,0,0,0,0,0,1,13,13,0,33,19,216,11.37,0,0,0,0,,
Trey Palmer,TAM,WR,23,35.2,35.20,124,,15,3,0,0,0,0,0,0,0,,0,22,12,172,14.33,1,1,0,1,,
Zamir White,LVR,RB,25,29.3,29.30,87,,8,5,0,0,0,0,0,65,183,2.82,1,8,6,30,5,0,2,2,1,,
Ty Chandler,MIN,RB,26,28.4,26.73,88,,17,0,0,0,0,0,0,56,182,3.25,0,6,6,42,7,0,0,0,0,,
Malik Heath,GNB,WR,24,31.7,31.70,126,,13,1,0,0,0,0,0,0,0,,0,13,10,97,9.7,2,0,0,2,,
Khalil Herbert,2TM,RB,26,31.5,31.50,89,,14,1,0,0,0,0,0,36,130,3.61,1,11,10,25,2.5,0,1,0,1,,
Desmond Ridder,LVR,QB,25,21.9,21.90,51,,6,1,52,85,458,2,2,9,36,4,0,0,0,0,,0,3,2,0,,
Brock Wright,DET,TE,26,35,32.94,52,,17,8,0,0,0,0,0,0,0,,0,16,13,100,7.69,2,0,0,2,,
Mo Alie-Cox,IND,TE,31,32.7,30.78,53,,17,13,0,0,0,0,0,0,0,,0,22,12,147,12.25,1,0,0,1,,
Mecole Hardman,KAN,WR,26,33.2,33.20,127,,12,0,0,0,0,0,0,5,62,12.4,1,14,12,90,7.5,0,0,0,1,,
Sincere McCormick,LVR,RB,24,27.2,27.20,90,,5,2,0,0,0,0,0,39,183,4.69,0,7,6,29,4.83,0,0,0,0,,
Ja'Lynn Polk,NWE,WR,22,32.7,32.70,128,,15,7,0,0,0,0,0,1,0,0,0,33,12,87,7.25,2,0,0,2,,
Pierre Strong,CLE,RB,26,35.2,35.20,91,,14,0,0,0,0,0,0,26,108,4.15,0,22,14,104,7.43,0,0,0,0,,
Jimmy Garoppolo,LAR,QB,33,19.9,19.90,53,,1,1,27,41,334,2,1,2,5,2.5,0,0,0,0,,0,0,0,0,,
Tanner Hudson,CIN,TE,30,38.5,38.50,54,,11,0,0,0,0,0,0,1,1,1,0,23,19,154,8.11,1,1,1,1,,
Dante Pettis,NOR,WR,29,32,32.00,129,,8,0,0,0,0,0,0,0,0,,0,28,12,120,10,1,0,0,1,1,
Tyrod Taylor,NYJ,QB,35,20.1,20.10,52,,2,0,17,22,119,3,0,3,13,4.33,0,0,0,0,,0,1,0,0,,1
Michael Burton,DEN,FB,32,29.3,27.58,93,,17,2,0,0,0,0,0,7,8,1.14,1,10,10,65,6.5,1,0,0,2,,
Jamycal Hasty,NWE,RB,28,28.8,28.80,94,,15,0,0,0,0,0,0,20,69,3.45,0,12,10,59,5.9,1,0,0,1,,
Tyler Higbee,LAR,TE,31,26.6,26.60,58,,3,3,0,0,0,0,0,0,0,,0,12,8,66,8.25,2,0,0,2,,
Charlie Kolar,BAL,TE,25,28.3,28.30,55,,13,3,0,0,0,0,0,1,2,2,0,11,9,131,14.56,1,0,0,1,,
Kenny McIntosh,SEA,RB,24,22.4,21.08,92,,17,0,0,0,0,0,0,31,172,5.55,0,4,3,22,7.33,0,0,0,0,,
Joe Milton,NWE,QB,24,19.2,19.20,54,,1,0,22,29,241,1,0,10,16,1.6,1,0,0,0,,0,1,1,1,,
Stone Smartt,LAC,TE,26,34.8,34.80,57,,15,2,0,0,0,0,0,0,0,,0,19,16,208,13,0,1,1,0,,
Cade Stover,HOU,TE,24,34.3,34.30,56,,15,9,0,0,0,0,0,0,0,,0,22,15,133,8.87,1,0,0,1,,
DeeJay Dallas,ARI,RB,26,21,19.76,95,,17,0,0,0,0,0,0,9,49,5.44,0,3,3,11,3.67,1,1,0,2,,
Kylen Granson,IND,TE,26,32.2,30.31,59,,17,6,0,0,0,0,0,0,0,,0,31,14,182,13,0,0,0,0,,
Bub Means,NOR,WR,23,26.8,26.80,131,,7,1,0,0,0,0,0,0,0,,0,15,9,118,13.11,1,0,0,1,,
Craig Reynolds,DET,RB,28,20.9,19.67,96,,17,0,0,0,0,0,0,31,139,4.48,0,5,3,40,13.33,0,1,0,0,,
Robert Woods,HOU,WR,32,38.3,38.30,130,,15,4,0,0,0,0,0,0,0,,0,30,20,203,10.15,0,3,1,0,,
Jake Bobo,SEA,WR,26,29.7,27.95,135,,17,3,0,0,0,0,0,0,0,,0,17,13,107,8.23,1,0,0,1,,
Jamison Crowder,WAS,WR,31,26.2,26.20,132,,6,1,0,0,0,0,0,0,0,,0,13,9,72,8,2,2,1,2,,
Ashton Dulin,IND,WR,27,19.2,19.20,133,,15,2,0,0,0,0,0,5,45,9,0,8,2,67,33.5,1,0,0,1,,
Luke McCaffrey,WAS,WR,23,34.8,32.75,134,,17,4,0,0,0,0,0,0,0,,0,24,18,168,9.33,0,0,0,0,,
Andrew Ogletree,IND,TE,26,25.9,24.38,60,,17,6,0,0,0,0,0,0,0,,0,14,9,109,12.11,1,0,0,1,,
Drew Sample,CIN,TE,28,36.5,34.35,61,,17,15,0,0,0,0,0,1,-4,-4,0,22,20,109,5.45,1,1,0,1,,
Carson Steele,KAN,RB,22,23.9,22.49,97,,17,3,0,0,0,0,0,56,183,3.27,0,11,7,26,3.71,0,3,2,0,,
Erick All,CIN,TE,24,35.8,35.80,62,,9,6,0,0,0,0,0,0,0,,0,22,20,158,7.9,0,0,0,0,,
Kevin Austin,NOR,WR,24,27,27.00,136,,8,2,0,0,0,0,0,1,9,9,0,22,11,151,13.73,0,1,0,0,,
Michael Mayer,LVR,TE,23,36.6,36.60,64,,11,8,0,0,0,0,0,0,0,,0,32,21,156,7.43,0,0,0,0,,
Eric Saubert,SFO,TE,30,26.7,25.13,63,,17,3,0,0,0,0,0,0,0,,0,14,11,97,8.82,1,1,0,1,,
Dorian Thompson-Robinson,CLE,QB,25,15.8,15.80,55,,7,2,61,118,440,0,6,21,122,5.81,0,0,0,0,,0,3,1,0,,
Alec Ingold,MIA,FB,28,26.3,26.30,98,,15,10,0,0,0,0,0,10,17,1.7,1,12,11,96,8.73,0,2,1,1,,
Lucas Krull,DEN,TE,26,34.2,34.20,65,,13,2,0,0,0,0,0,0,0,,0,23,19,152,8,0,0,0,0,,
Hunter Luepke,DAL,RB,24,26.9,26.90,99,,16,4,0,0,0,0,0,12,38,3.17,0,16,12,111,9.25,0,0,0,0,,
Bo Melton,GNB,WR,25,22.5,21.18,138,,17,0,0,0,0,0,0,8,54,6.75,0,17,8,91,11.38,0,0,0,0,,
Jonathan Mingo,2TM,WR,23,32.2,30.31,137,,17,6,0,0,0,0,0,2,5,2.5,0,42,17,167,9.82,0,1,1,0,,
Mitchell Trubisky,BUF,QB,30,15.3,15.30,56,,9,0,19,26,179,2,0,17,1,0.06,0,0,0,0,,0,1,0,0,,
Tim Boyle,2TM,QB,30,13.9,13.90,57,,3,0,27,50,276,1,1,3,9,3,0,0,0,0,,0,0,0,0,,
Jordan Mims,NOR,RB,25,26.1,26.10,101,,11,0,0,0,0,0,0,20,70,3.5,0,18,12,71,5.92,0,0,0,0,,
Patrick Ricard*+,BAL,FB,30,17.2,16.19,100,,17,6,0,0,0,0,0,0,0,,0,5,3,22,7.33,1,0,0,2,,
Trent Sherfield,MIN,WR,28,22.3,20.99,139,,17,1,0,0,0,0,0,0,0,,0,9,8,83,10.38,1,0,0,1,,
Daniel Bellinger,NYG,TE,24,26.5,24.94,66,,17,8,0,0,0,0,0,0,0,,0,17,14,125,8.93,0,0,0,0,,
Tommy DeVito,NYG,QB,26,13.5,13.50,58,,3,2,31,44,257,0,0,8,32,4,0,0,0,0,,0,0,0,0,,
Jake Haener,NOR,QB,25,13.2,13.20,59,,8,1,18,39,226,1,1,11,22,2,0,0,0,0,,0,0,0,0,,
Trey Lance,DAL,QB,24,12.7,12.70,60,,4,1,25,41,266,0,1,11,41,3.73,0,0,0,0,,0,0,0,0,,
Ronnie Rivers,LAR,RB,25,18.3,17.22,102,,17,0,0,0,0,0,0,22,99,4.5,0,6,5,34,6.8,0,0,0,0,,
Tyrell Shavers,BUF,WR,25,13.9,13.90,140,,3,0,0,0,0,0,0,0,0,,0,1,1,69,69,1,0,0,1,,
Xavier Hutchinson,HOU,WR,24,23.7,23.70,142,,16,3,0,0,0,0,0,0,0,,0,26,12,117,9.75,0,0,0,0,,
Rakim Jarrett,TAM,WR,23,21.4,21.40,141,,10,2,0,0,0,0,0,0,0,,0,11,9,124,13.78,0,0,0,0,,
Tony Jones,ARI,RB,27,11.5,11.50,104,,1,0,0,0,0,0,0,4,55,13.75,1,0,0,0,,0,0,0,1,,
K.J. Osborn,2TM,WR,27,18.7,18.70,143,,8,4,0,0,0,0,0,0,0,,0,18,7,57,8.14,1,0,0,1,,
Will Shipley,PHI,RB,22,15.7,15.70,103,,16,1,0,0,0,0,0,30,82,2.73,0,4,4,35,8.75,0,0,0,0,,
Jermaine Burton,CIN,WR,23,14.7,14.70,145,,14,1,0,0,0,0,0,0,0,,0,14,4,107,26.75,0,0,0,0,,
Julius Chestnut,TEN,RB,24,13.3,12.52,105,,17,0,0,0,0,0,0,22,102,4.64,0,3,2,11,5.5,0,0,0,0,,
Simi Fehoko,LAC,WR,27,16.6,16.60,147,,8,2,0,0,0,0,0,0,0,,0,16,6,106,17.67,0,0,0,0,,
Tay Martin,TEN,WR,27,11.9,11.90,144,,1,0,0,0,0,0,0,0,0,,0,2,1,49,49,1,0,0,1,,
Jeremy Ruckert,NYJ,TE,24,28.5,26.82,69,,17,9,0,0,0,0,0,0,0,,0,28,18,105,5.83,0,0,0,0,,
Ainias Smith,PHI,WR,23,17.7,17.70,146,,7,1,0,0,0,0,0,2,6,3,0,9,7,41,5.86,1,0,0,1,,
Blake Whiteheart,CLE,TE,24,17.1,17.10,67,,11,2,0,0,0,0,0,0,0,,0,9,6,51,8.5,1,0,0,1,,
Kenny Yeboah,NYJ,TE,26,15.7,15.70,68,,9,1,0,0,0,0,0,0,0,,0,8,5,47,9.4,1,0,0,1,,
Connor Heyward,PIT,TE,25,16,15.06,70,,17,5,0,0,0,0,0,0,0,,0,8,6,40,6.67,1,0,0,1,,
Julian Hill,MIA,TE,24,22,22.00,71,,16,11,0,0,0,0,0,0,0,,0,19,12,100,8.33,0,1,0,0,,
Davis Mills,HOU,QB,26,9.6,9.60,61,,4,0,20,36,212,0,0,3,11,3.67,0,0,0,0,,0,0,0,0,,
Quintin Morris,BUF,TE,25,14.6,14.60,73,,16,3,0,0,0,0,0,0,0,,0,8,5,36,7.2,1,0,0,1,,
Bryce Oliver,TEN,WR,24,15.5,15.50,150,,10,1,0,0,0,0,0,0,0,,0,9,6,95,15.83,0,0,0,0,,
MyCole Pruitt,PIT,TE,32,16,16.00,72,,12,5,0,0,0,0,0,0,0,,0,10,6,40,6.67,1,0,0,1,,
Mason Tipton,NOR,WR,24,23.9,23.90,148,,11,1,0,0,0,0,0,0,0,,0,26,14,99,7.07,0,0,0,0,,
Johnny Wilson,PHI,WR,23,14.8,14.80,149,,16,4,0,0,0,0,0,0,0,,0,15,5,38,7.6,1,0,0,1,,
Marquise Brown,KAN,WR,27,18.1,18.10,151,,2,1,0,0,0,0,0,0,0,,0,15,9,91,10.11,0,0,0,0,,
Harrison Bryant,LVR,TE,26,17.6,17.60,78,,13,3,0,0,0,0,0,0,0,,0,12,9,86,9.56,0,0,0,0,,
Parris Campbell,PHI,WR,27,15,15.00,153,,5,0,0,0,0,0,0,0,0,,0,8,6,30,5,1,0,0,1,,
DJ Chark,LAC,WR,28,13.1,13.10,152,,7,0,0,0,0,0,0,0,0,,0,10,4,31,7.75,1,0,0,1,,
Devin Culp,TAM,TE,24,13.8,13.80,75,,5,0,0,0,0,0,0,0,0,,0,6,5,88,17.6,0,0,0,0,,
C.J. Ham,MIN,FB,31,13.5,12.71,107,,17,3,0,0,0,0,0,2,10,5,1,6,5,35,7,0,1,1,1,,
Chris Manhertz,NYG,TE,32,12,11.29,74,,17,11,0,0,0,0,0,0,0,,0,4,3,30,10,1,0,0,1,,
Ben Sinnott,WAS,TE,22,13.8,12.99,76,,17,2,0,0,0,0,0,0,0,,0,5,5,28,5.6,1,0,0,1,,
Brevyn Spann-Ford,DAL,TE,25,17.8,16.75,77,,17,0,0,0,0,0,0,0,0,,0,14,9,88,9.78,0,0,0,0,,
Deuce Vaughn,DAL,RB,23,11.8,11.80,106,,7,0,0,0,0,0,0,17,70,4.12,0,5,3,18,6,0,0,0,0,,
Raheem Blackshear,CAR,RB,25,8,8.00,108,,16,1,0,0,0,0,0,15,80,5.33,0,0,0,0,,0,2,0,0,,
Chris Conley,SFO,WR,32,13.6,13.60,161,,15,2,0,0,0,0,0,0,0,,0,12,6,76,12.67,0,0,0,0,,
Devin Duvernay,JAX,WR,27,19.2,19.20,156,,13,1,0,0,0,0,0,4,3,0.75,0,16,11,79,7.18,0,1,0,0,,
Ryan Flournoy,DAL,WR,25,18.2,18.20,157,,11,1,0,0,0,0,0,0,0,,0,14,10,102,10.2,0,1,1,0,,
Xavier Gipson,NYJ,WR,23,14.4,13.55,154,,17,0,0,0,0,0,0,1,5,5,0,10,6,39,6.5,1,4,1,1,,
Zay Jones,ARI,WR,29,16.4,16.40,155,,11,2,0,0,0,0,0,0,0,,0,11,8,84,10.5,0,0,0,0,,
Jalen Reagor,LAC,WR,25,14.7,14.70,160,,8,2,0,0,0,0,0,3,-3,-1,0,12,7,100,14.29,0,1,1,0,,
Skylar Thompson,MIA,QB,27,7.9,7.90,62,,3,1,21,33,187,0,0,1,4,4,0,0,0,0,,0,2,0,0,,
Devontez Walker,BAL,WR,23,9.1,9.10,158,,9,0,0,0,0,0,0,0,0,,0,3,1,21,21,1,0,0,1,,
Kristian Wilkerson,LVR,WR,27,9.8,9.80,159,,3,0,0,0,0,0,0,0,0,,0,3,2,18,9,1,0,0,1,,
Jeff Wilson,MIA,RB,29,10.6,10.60,109,,9,0,0,0,0,0,0,16,57,3.56,0,3,3,19,6.33,0,0,0,0,,
Jacob Cowing,SFO,WR,23,10.7,10.70,165,,15,0,0,0,0,0,0,1,7,7,0,6,4,80,20,0,2,1,0,,
River Cracraft,MIA,WR,30,13.6,13.60,166,,8,0,0,0,0,0,0,0,0,,0,9,7,66,9.43,0,0,0,0,,
Clyde Edwards-Helaire,NOR,RB,25,10,10.00,111,,2,0,0,0,0,0,0,13,46,3.54,0,5,3,24,8,0,0,0,0,,
Luke Farrell,JAX,TE,27,18.7,17.60,80,,17,8,0,0,0,0,0,0,0,,0,17,12,67,5.58,0,0,0,0,,
Eric Gray,NYG,RB,25,17.3,16.28,110,,17,0,0,0,0,0,0,14,31,2.21,0,11,10,82,8.2,0,3,2,0,,
Hayden Hurst,LAC,TE,31,15.3,15.30,79,,9,2,0,0,0,0,0,0,0,,0,13,8,73,9.13,0,0,0,0,,
E.J. Jenkins,PHI,TE,26,7.7,7.70,81,,8,0,0,0,0,0,0,0,0,,0,2,1,7,7,1,0,0,1,,
Scott Miller,PIT,WR,27,11.9,11.90,163,,13,1,0,0,0,0,0,0,0,,0,9,5,69,13.8,0,0,0,0,,
Brandon Powell,MIN,WR,29,14.1,13.27,162,,17,1,0,0,0,0,0,0,0,,0,10,7,71,10.14,0,1,0,0,,
Ben Skowronek,PIT,WR,27,11.9,11.90,164,,10,1,0,0,0,0,0,0,0,,0,5,5,69,13.8,0,0,0,0,,
Michael Woods II,CLE,WR,24,13.5,13.50,167,,5,2,0,0,0,0,0,0,0,,0,17,7,65,9.29,0,0,0,0,,
Bailey Zappe,CLE,QB,25,7,7.00,63,,1,1,16,31,170,1,2,2,2,1,0,0,0,0,,0,0,0,0,,
Brandon Allen,SFO,QB,32,6.4,6.40,64,,3,1,17,30,199,1,2,3,4,1.33,0,0,0,0,,0,2,1,0,,
Tyler Badie,DEN,RB,24,9.4,9.40,112,,3,0,0,0,0,0,0,11,86,7.82,0,3,3,-2,-0.67,0,1,1,0,,
John Bates,WAS,TE,27,14.4,13.55,82,,17,6,0,0,0,0,0,0,0,,0,13,8,84,10.5,0,1,1,0,,
Odell Beckham Jr.,MIA,WR,32,14.5,14.50,171,,9,0,0,0,0,0,0,0,0,,0,18,9,55,6.11,0,0,0,0,,
Jalin Hyatt,NYG,WR,23,14.2,14.20,168,,16,3,0,0,0,0,0,0,0,,0,19,8,62,7.75,0,0,0,0,,
Hunter Long,LAR,TE,26,13,12.24,83,,17,2,0,0,0,0,0,0,0,,0,9,7,60,8.57,0,0,0,0,,
Keaton Mitchell,BAL,RB,22,6.8,6.80,114,,5,0,0,0,0,0,0,15,30,2,0,1,1,28,28,0,0,0,0,,
Kene Nwangwu,NYJ,RB,26,6,6.00,113,,2,0,0,0,0,0,0,0,0,,0,0,0,0,,0,0,0,1,,
Laviska Shenault Jr.,2TM,WR,26,10.7,10.70,170,,12,2,0,0,0,0,0,1,1,1,0,5,5,36,7.2,0,2,2,1,,
Ihmir Smith-Marsette,NYG,WR,25,6,6.00,169,,15,0,0,0,0,0,0,0,0,,0,0,0,0,,0,1,0,1,,
Mike Boone,CAR,RB,29,5.9,5.90,116,,6,0,0,0,0,0,0,13,51,3.92,0,3,1,-2,-2,0,0,0,0,,
Jonathon Brooks,CAR,RB,21,7.5,7.50,117,,3,1,0,0,0,0,0,9,22,2.44,0,3,3,23,7.67,0,0,0,0,,
Pharaoh Brown,SEA,TE,30,12.5,12.50,87,,15,7,0,0,0,0,0,0,0,,0,12,8,65,8.13,0,1,1,0,,
DeAndre Carter,CHI,WR,31,14.2,14.20,172,,13,0,0,0,0,0,0,0,0,,0,14,9,72,8,0,1,1,0,,
Peyton Hendershot,KAN,TE,25,10.1,10.10,85,,7,1,0,0,0,0,0,0,0,,0,5,5,51,10.2,0,0,0,0,,
Charlie Jones,CIN,WR,26,5.5,5.50,175,,8,0,0,0,0,0,0,0,0,,0,1,1,5,5,0,2,1,1,,
Luke Musgrave,GNB,TE,24,11.5,11.50,88,,7,3,0,0,0,0,0,0,0,,0,10,7,45,6.43,0,0,0,0,,
Nikko Remigio,KAN,WR,25,6.8,6.80,173,,5,1,0,0,0,0,0,0,0,,0,6,2,48,24,0,1,0,0,,
Durham Smythe,MIA,TE,29,14.3,13.46,84,,17,4,0,0,0,0,0,0,0,,0,17,9,53,5.89,0,0,0,0,,
Tyquan Thornton,NWE,WR,24,8.7,8.70,174,,6,1,0,0,0,0,0,0,0,,0,8,4,47,11.75,0,0,0,0,,
Sione Vaki,DET,RB,23,8.1,8.10,115,,16,0,0,0,0,0,0,6,14,2.33,0,3,3,37,12.33,0,0,0,0,,
Carson Wentz,KAN,QB,32,4.7,4.70,65,,3,1,12,19,118,0,0,3,0,0,0,0,0,0,,0,0,0,0,,
Charlie Woerner,ATL,TE,27,11.6,11.60,86,,16,5,0,0,0,0,0,0,0,,0,12,7,46,6.57,0,0,0,0,,
Davis Allen,LAR,TE,23,9.9,9.90,90,,15,5,0,0,0,0,0,0,0,,0,13,6,39,6.5,0,0,0,0,,
Treylon Burks,TEN,WR,24,7.5,7.50,182,,5,2,0,0,0,0,0,2,1,0.5,0,8,4,34,8.5,0,0,0,0,,
Dan Chisena,CAR,WR,27,6.7,6.70,181,,6,0,0,0,0,0,0,0,0,,0,4,3,37,12.33,0,0,0,0,,
D'Wayne Eskridge,MIA,WR,27,7.4,7.40,176,,6,0,0,0,0,0,0,0,0,,0,3,3,44,14.67,0,0,0,0,,
Gerald Everett,CHI,TE,30,11.6,10.92,93,,17,4,0,0,0,0,0,0,0,,0,13,8,36,4.5,0,0,0,0,,
Tucker Fisk,LAC,TE,25,10.9,10.90,91,,9,5,0,0,0,0,0,0,0,,0,8,7,39,5.57,0,0,0,0,,
Tim Jones,JAX,WR,26,7.1,6.68,179,,17,0,0,0,0,0,0,0,0,,0,5,3,41,13.67,0,0,0,0,,
Jacob Kibodi,CLE,RB,26,4.9,4.90,119,,1,0,0,0,0,0,0,5,24,4.8,0,3,1,15,15,0,0,0,0,,
Terrace Marshall Jr.,LVR,WR,24,7.1,7.10,180,,7,1,0,0,0,0,0,0,0,,0,6,3,41,13.67,0,0,0,0,,
Tip Reiman,ARI,TE,23,9.7,9.13,92,,17,9,0,0,0,0,0,0,0,,0,7,6,37,6.17,0,0,0,0,,
Ben Sims,GNB,TE,24,8.2,7.72,89,,17,5,0,0,0,0,0,0,0,,0,5,4,42,10.5,0,0,0,0,,
Xavier Smith,LAR,WR,27,6.2,6.20,178,,15,0,0,0,0,0,0,4,36,9,0,2,2,6,3,0,0,0,0,,
J.J. Taylor,HOU,RB,26,6.4,6.40,118,,5,0,0,0,0,0,0,10,44,4.4,0,3,2,0,0,0,0,0,0,,
Cody White,SEA,WR,26,6.4,6.40,177,,4,0,0,0,0,0,0,0,0,,0,3,2,44,22,0,0,0,0,,
Rasheen Ali,BAL,RB,23,3.1,3.10,124,,6,0,0,0,0,0,0,10,31,3.1,0,2,0,0,,0,0,0,0,,
Alex Bachman,LVR,WR,28,6.1,6.10,184,,6,1,0,0,0,0,0,0,0,,0,3,3,31,10.33,0,0,0,0,,
David Bell,CLE,WR,24,5.7,5.70,186,,1,0,0,0,0,0,0,0,0,,0,3,3,27,9,0,0,0,0,,
Dalvin Cook,DAL,RB,29,4,4.00,125,,2,0,0,0,0,0,0,8,20,2.5,0,1,1,10,10,0,0,0,0,,
Britain Covey,PHI,WR,27,10.4,10.40,183,,5,1,0,0,0,0,0,0,0,,0,8,7,34,4.86,0,0,0,0,,
Greg Dulcich,2TM,TE,24,7.8,7.80,95,,9,3,0,0,0,0,0,0,0,,0,12,5,28,5.6,0,0,0,0,,
Cam Grandy,CIN,TE,24,7.8,7.80,96,,8,6,0,0,0,0,0,0,0,,0,5,5,28,5.6,0,0,0,0,,
Taylor Heinicke,LAC,QB,31,3.1,3.10,66,,4,0,3,5,28,0,0,2,20,10,0,0,0,0,,0,0,0,0,,
Travis Homer,CHI,RB,26,6.4,6.40,120,,10,0,0,0,0,0,0,6,23,3.83,0,3,3,11,3.67,0,0,0,0,,
Hendon Hooker,DET,QB,26,2.7,2.70,67,,3,0,6,9,62,0,0,5,2,0.4,0,0,0,0,,0,0,0,0,,
Jermar Jefferson,DET,RB,24,4.2,4.20,122,,2,0,0,0,0,0,0,6,22,3.67,0,1,1,10,10,0,0,0,0,,
Terrell Jennings,NWE,RB,23,3.3,3.30,121,,3,0,0,0,0,0,0,13,33,2.54,0,1,0,0,,0,0,0,0,,
Will Mallory,IND,TE,25,6.9,6.90,94,,10,0,0,0,0,0,0,0,0,,0,8,4,29,7.25,0,0,0,0,,
Jase McClellan,ATL,RB,22,3.2,3.20,123,,2,0,0,0,0,0,0,13,32,2.46,0,0,0,0,,0,0,0,0,,
Allen Robinson,DET,WR,31,6,6.00,185,,12,0,0,0,0,0,0,0,0,,0,7,3,30,10,0,0,0,0,,
Deven Thompkins,CAR,WR,25,6.7,6.70,187,,7,0,0,0,0,0,0,2,7,3.5,0,4,4,20,5,0,0,0,0,,
Jaheim Bell,NWE,TE,23,4,4.00,99,,15,0,0,0,0,0,0,0,0,,0,3,2,20,10,0,0,0,0,,
Ronnie Bell,SFO,WR,24,4.2,4.20,189,,9,0,0,0,0,0,0,0,0,,0,6,2,22,11,0,0,0,0,,
Chris Blair,ATL,WR,27,2.7,2.70,193,,4,0,0,0,0,0,0,0,0,,0,2,1,17,17,0,0,0,0,,
Tanner Conner,MIA,TE,26,4.6,4.60,100,,8,1,0,0,0,0,0,0,0,,0,4,3,16,5.33,0,0,0,0,,
Malachi Corley,NYJ,WR,22,5.2,5.20,190,,9,1,0,0,0,0,0,2,26,13,0,6,3,16,5.33,0,1,1,0,,
Anthony Gould,IND,WR,23,3.3,3.30,188,,8,0,0,0,0,0,0,0,0,,0,1,1,23,23,0,0,0,0,,
Dallin Holker,NOR,TE,24,5.1,5.10,98,,12,2,0,0,0,0,0,0,0,,0,4,3,21,7,0,0,0,0,,
Trenton Irwin,CIN,WR,29,4.5,4.50,196,,7,2,0,0,0,0,0,0,0,,0,10,3,15,5,0,0,0,0,,
Mason Kinsey,TEN,WR,26,3.7,3.70,194,,6,0,0,0,0,0,0,0,0,,0,2,2,17,8.5,0,0,0,0,,
MarShawn Lloyd,GNB,RB,23,2.8,2.80,128,,1,0,0,0,0,0,0,6,15,2.5,0,1,1,3,3,0,0,0,0,,
Anthony Miller,BAL,WR,30,2.6,2.60,195,,2,0,0,0,0,0,0,0,0,,0,1,1,16,16,0,0,0,0,,
Aaron Shampklin,PIT,RB,25,1.7,1.70,129,,3,0,0,0,0,0,0,6,17,2.83,0,0,0,0,,0,0,0,0,,
Jamari Thrash,CLE,WR,24,5.2,5.20,191,,9,0,0,0,0,0,0,0,0,,0,7,3,22,7.33,0,0,0,0,,
Austin Trammell,JAX,WR,26,4,4.00,192,,1,0,0,0,0,0,0,0,0,,0,3,2,40,20,0,1,1,0,,
Jonathan Ward,PIT,RB,27,2.2,2.20,127,,4,0,0,0,0,0,0,5,22,4.4,0,0,0,0,,0,0,0,0,,
Blake Watson,DEN,RB,25,3.3,3.30,126,,2,0,0,0,0,0,0,4,10,2.5,0,2,1,13,13,0,0,0,0,,
Shane Zylstra,DET,TE,28,3.2,3.20,97,,12,1,0,0,0,0,0,0,0,,0,1,1,22,22,0,0,0,0,,
Kyle Allen,PIT,QB,28,0.8,0.80,71,,1,0,1,1,19,0,0,0,0,,0,0,0,0,,0,0,0,0,,
Robbie Chosen,MIA,WR,31,1.5,1.50,211,,2,0,0,0,0,0,0,0,0,,0,4,1,5,5,0,0,0,0,,
Javon Baker,NWE,WR,22,2.2,2.20,198,,11,1,0,0,0,0,0,0,0,,0,4,1,12,12,0,0,0,0,,
Chris Collier,2TM,RB,24,1.8,1.80,133,,8,0,0,0,0,0,0,5,12,2.4,0,2,1,-4,-4,0,0,0,0,,
Jaelon Darden,2TM,WR,25,1.6,1.60,207,,12,1,0,0,0,0,0,0,0,,0,1,1,6,6,0,0,0,0,,
Tyrion Davis-Price,PHI,RB,24,0.7,0.70,134,,1,0,0,0,0,0,0,3,7,2.33,0,0,0,0,,0,0,0,0,,
Zach Davidson,BUF,TE,26,1.5,1.50,111,,2,0,0,0,0,0,0,0,0,,0,2,1,5,5,0,0,0,0,,